_keywords,_title,_keywords,_title,_keywords,_title,_keywords,_title,flag
segmentfault,SegmentFault 思否,豆瓣,豆瓣,segmentfault,SegmentFault 思否,豆瓣,豆瓣,Y
segmentfault,SegmentFault 思否,豆瓣,豆瓣,segmentfault,SegmentFault 思否,豆瓣,豆瓣,Y
segmentfault,SegmentFault 思否,豆瓣,豆瓣,segmentfault,SegmentFault 思否,豆瓣,豆瓣,Y
segmentfault,SegmentFault 思否,豆瓣,豆瓣,segmentfault,SegmentFault 思否,豆瓣,豆瓣,Y
segmentfault,SegmentFault 思否,豆瓣,豆瓣,segmentfault,SegmentFault 思否,豆瓣,豆瓣,Y
segmentfault,SegmentFault 思否,豆瓣,豆瓣,segmentfault,SegmentFault 思否,豆瓣,豆瓣,Y
segmentfault,SegmentFault 思否,豆瓣,豆瓣,segmentfault,SegmentFault 思否,豆瓣,豆瓣,Y
segmentfault,SegmentFault 思否,豆瓣,豆瓣,segmentfault,SegmentFault 思否,豆瓣,豆瓣,Y
segmentfault,SegmentFault 思否,豆瓣,豆瓣,segmentfault,SegmentFault 思否,豆瓣,豆瓣,Y
segmentfault,SegmentFault 思否,豆瓣,豆瓣,segmentfault,SegmentFault 思否,豆瓣,豆瓣,Y
segmentfault,SegmentFault 思否,豆瓣,豆瓣,segmentfault,SegmentFault 思否,豆瓣,豆瓣,Y
segmentfault,SegmentFault 思否,豆瓣,豆瓣,segmentfault,SegmentFault 思否,豆瓣,豆瓣,Y
segmentfault,SegmentFault 思否,豆瓣,豆瓣,segmentfault,SegmentFault 思否,豆瓣,豆瓣,Y
segmentfault,SegmentFault 思否,豆瓣,豆瓣,segmentfault,SegmentFault 思否,豆瓣,豆瓣,Y
segmentfault,SegmentFault 思否,豆瓣,豆瓣,segmentfault,SegmentFault 思否,豆瓣,豆瓣,Y
segmentfault,SegmentFault 思否,豆瓣,豆瓣,segmentfault,SegmentFault 思否,豆瓣,豆瓣,Y
segmentfault,SegmentFault 思否,豆瓣,豆瓣,segmentfault,SegmentFault 思否,豆瓣,豆瓣,Y
segmentfault,SegmentFault 思否,豆瓣,豆瓣,segmentfault,SegmentFault 思否,豆瓣,豆瓣,Y
segmentfault,SegmentFault 思否,豆瓣,豆瓣,segmentfault,SegmentFault 思否,豆瓣,豆瓣,Y
segmentfault,SegmentFault 思否,豆瓣,豆瓣,segmentfault,SegmentFault 思否,豆瓣,豆瓣,Y
segmentfault,SegmentFault 思否,豆瓣,豆瓣,segmentfault,SegmentFault 思否,豆瓣,豆瓣,Y
segmentfault,SegmentFault 思否,豆瓣,豆瓣,segmentfault,SegmentFault 思否,豆瓣,豆瓣,Y
segmentfault,SegmentFault 思否,豆瓣,豆瓣,segmentfault,SegmentFault 思否,豆瓣,豆瓣,Y
segmentfault,SegmentFault 思否,豆瓣,豆瓣,segmentfault,SegmentFault 思否,豆瓣,豆瓣,Y
segmentfault,SegmentFault 思否,豆瓣,豆瓣,segmentfault,SegmentFault 思否,豆瓣,豆瓣,Y
segmentfault,SegmentFault 思否,豆瓣,豆瓣,segmentfault,SegmentFault 思否,豆瓣,豆瓣,Y
segmentfault,SegmentFault 思否,豆瓣,豆瓣,segmentfault,SegmentFault 思否,豆瓣,豆瓣,Y
segmentfault,SegmentFault 思否,豆瓣,豆瓣,segmentfault,SegmentFault 思否,豆瓣,豆瓣,Y
segmentfault,SegmentFault 思否,豆瓣,豆瓣,segmentfault,SegmentFault 思否,豆瓣,豆瓣,Y
segmentfault,SegmentFault 思否,豆瓣,豆瓣,segmentfault,SegmentFault 思否,豆瓣,豆瓣,Y
segmentfault,SegmentFault 思否,豆瓣,豆瓣,segmentfault,SegmentFault 思否,豆瓣,豆瓣,Y
segmentfault,SegmentFault 思否,豆瓣,豆瓣,segmentfault,SegmentFault 思否,豆瓣,豆瓣,Y
segmentfault,SegmentFault 思否,豆瓣,豆瓣,segmentfault,SegmentFault 思否,豆瓣,豆瓣,Y
segmentfault,SegmentFault 思否,豆瓣,豆瓣,segmentfault,SegmentFault 思否,豆瓣,豆瓣,Y
segmentfault,SegmentFault 思否,豆瓣,豆瓣,segmentfault,SegmentFault 思否,豆瓣,豆瓣,Y
segmentfault,SegmentFault 思否,豆瓣,豆瓣,segmentfault,SegmentFault 思否,豆瓣,豆瓣,Y
segmentfault,SegmentFault 思否,豆瓣,豆瓣,segmentfault,SegmentFault 思否,豆瓣,豆瓣,Y
segmentfault,SegmentFault 思否,豆瓣,豆瓣,segmentfault,SegmentFault 思否,豆瓣,豆瓣,Y
segmentfault,SegmentFault 思否,豆瓣,豆瓣,segmentfault,SegmentFault 思否,豆瓣,豆瓣,
segmentfault,SegmentFault 思否,豆瓣,豆瓣,segmentfault,SegmentFault 思否,豆瓣,豆瓣,
segmentfault,SegmentFault 思否,豆瓣,豆瓣,segmentfault,SegmentFault 思否,豆瓣,豆瓣,
segmentfault,SegmentFault 思否,豆瓣,豆瓣,segmentfault,SegmentFault 思否,豆瓣,豆瓣,
segmentfault,SegmentFault 思否,豆瓣,豆瓣,segmentfault,SegmentFault 思否,豆瓣,豆瓣,
segmentfault,SegmentFault 思否,豆瓣,豆瓣,segmentfault,SegmentFault 思否,豆瓣,豆瓣,
segmentfault,SegmentFault 思否,豆瓣,豆瓣,segmentfault,SegmentFault 思否,豆瓣,豆瓣,
segmentfault,SegmentFault 思否,豆瓣,豆瓣,segmentfault,SegmentFault 思否,豆瓣,豆瓣,
segmentfault,SegmentFault 思否,豆瓣,豆瓣,segmentfault,SegmentFault 思否,豆瓣,豆瓣,
segmentfault,SegmentFault 思否,豆瓣,豆瓣,segmentfault,SegmentFault 思否,豆瓣,豆瓣,
segmentfault,SegmentFault 思否,豆瓣,豆瓣,segmentfault,SegmentFault 思否,豆瓣,豆瓣,
segmentfault,SegmentFault 思否,豆瓣,豆瓣,segmentfault,SegmentFault 思否,豆瓣,豆瓣,
segmentfault,SegmentFault 思否,豆瓣,豆瓣,segmentfault,SegmentFault 思否,豆瓣,豆瓣,
segmentfault,SegmentFault 思否,豆瓣,豆瓣,segmentfault,SegmentFault 思否,豆瓣,豆瓣,
segmentfault,SegmentFault 思否,豆瓣,豆瓣,segmentfault,SegmentFault 思否,豆瓣,豆瓣,
segmentfault,SegmentFault 思否,豆瓣,豆瓣,segmentfault,SegmentFault 思否,豆瓣,豆瓣,
segmentfault,SegmentFault 思否,豆瓣,豆瓣,segmentfault,SegmentFault 思否,豆瓣,豆瓣,
segmentfault,SegmentFault 思否,豆瓣,豆瓣,segmentfault,SegmentFault 思否,豆瓣,豆瓣,
segmentfault,SegmentFault 思否,豆瓣,豆瓣,segmentfault,SegmentFault 思否,豆瓣,豆瓣,
segmentfault,SegmentFault 思否,豆瓣,豆瓣,segmentfault,SegmentFault 思否,豆瓣,豆瓣,
segmentfault,SegmentFault 思否,豆瓣,豆瓣,segmentfault,SegmentFault 思否,豆瓣,豆瓣,
segmentfault,SegmentFault 思否,豆瓣,豆瓣,segmentfault,SegmentFault 思否,豆瓣,豆瓣,
segmentfault,SegmentFault 思否,豆瓣,豆瓣,segmentfault,SegmentFault 思否,豆瓣,豆瓣,
segmentfault,SegmentFault 思否,豆瓣,豆瓣,segmentfault,SegmentFault 思否,豆瓣,豆瓣,
segmentfault,SegmentFault 思否,豆瓣,豆瓣,segmentfault,SegmentFault 思否,豆瓣,豆瓣,
segmentfault,SegmentFault 思否,豆瓣,豆瓣,segmentfault,SegmentFault 思否,豆瓣,豆瓣,
segmentfault,SegmentFault 思否,豆瓣,豆瓣,segmentfault,SegmentFault 思否,豆瓣,豆瓣,
segmentfault,SegmentFault 思否,豆瓣,豆瓣,segmentfault,SegmentFault 思否,豆瓣,豆瓣,
segmentfault,SegmentFault 思否,豆瓣,豆瓣,segmentfault,SegmentFault 思否,豆瓣,豆瓣,
segmentfault,SegmentFault 思否,豆瓣,豆瓣,segmentfault,SegmentFault 思否,豆瓣,豆瓣,
segmentfault,SegmentFault 思否,豆瓣,豆瓣,segmentfault,SegmentFault 思否,豆瓣,豆瓣,
segmentfault,SegmentFault 思否,豆瓣,豆瓣,segmentfault,SegmentFault 思否,豆瓣,豆瓣,
segmentfault,SegmentFault 思否,豆瓣,豆瓣,segmentfault,SegmentFault 思否,豆瓣,豆瓣,
segmentfault,SegmentFault 思否,豆瓣,豆瓣,segmentfault,SegmentFault 思否,豆瓣,豆瓣,
segmentfault,SegmentFault 思否,豆瓣,豆瓣,segmentfault,SegmentFault 思否,豆瓣,豆瓣,
segmentfault,SegmentFault 思否,豆瓣,豆瓣,segmentfault,SegmentFault 思否,豆瓣,豆瓣,
segmentfault,SegmentFault 思否,豆瓣,豆瓣,segmentfault,SegmentFault 思否,豆瓣,豆瓣,
segmentfault,SegmentFault 思否,豆瓣,豆瓣,segmentfault,SegmentFault 思否,豆瓣,豆瓣,
segmentfault,SegmentFault 思否,豆瓣,豆瓣,segmentfault,SegmentFault 思否,豆瓣,豆瓣,
segmentfault,SegmentFault 思否,豆瓣,豆瓣,segmentfault,SegmentFault 思否,豆瓣,豆瓣,
segmentfault,SegmentFault 思否,豆瓣,豆瓣,segmentfault,SegmentFault 思否,豆瓣,豆瓣,
segmentfault,SegmentFault 思否,豆瓣,豆瓣,segmentfault,SegmentFault 思否,豆瓣,豆瓣,
segmentfault,SegmentFault 思否,豆瓣,豆瓣,segmentfault,SegmentFault 思否,豆瓣,豆瓣,
segmentfault,SegmentFault 思否,豆瓣,豆瓣,segmentfault,SegmentFault 思否,豆瓣,豆瓣,
segmentfault,SegmentFault 思否,豆瓣,豆瓣,segmentfault,SegmentFault 思否,豆瓣,豆瓣,
segmentfault,SegmentFault 思否,豆瓣,豆瓣,segmentfault,SegmentFault 思否,豆瓣,豆瓣,
segmentfault,SegmentFault 思否,豆瓣,豆瓣,segmentfault,SegmentFault 思否,豆瓣,豆瓣,
segmentfault,SegmentFault 思否,豆瓣,豆瓣,segmentfault,SegmentFault 思否,豆瓣,豆瓣,
segmentfault,SegmentFault 思否,豆瓣,豆瓣,segmentfault,SegmentFault 思否,豆瓣,豆瓣,
segmentfault,SegmentFault 思否,豆瓣,豆瓣,segmentfault,SegmentFault 思否,豆瓣,豆瓣,
segmentfault,SegmentFault 思否,豆瓣,豆瓣,segmentfault,SegmentFault 思否,豆瓣,豆瓣,
segmentfault,SegmentFault 思否,豆瓣,豆瓣,segmentfault,SegmentFault 思否,豆瓣,豆瓣,
segmentfault,SegmentFault 思否,豆瓣,豆瓣,segmentfault,SegmentFault 思否,豆瓣,豆瓣,
segmentfault,SegmentFault 思否,豆瓣,豆瓣,segmentfault,SegmentFault 思否,豆瓣,豆瓣,
segmentfault,SegmentFault 思否,豆瓣,豆瓣,segmentfault,SegmentFault 思否,豆瓣,豆瓣,
segmentfault,SegmentFault 思否,豆瓣,豆瓣,segmentfault,SegmentFault 思否,豆瓣,豆瓣,
segmentfault,SegmentFault 思否,豆瓣,豆瓣,segmentfault,SegmentFault 思否,豆瓣,豆瓣,
segmentfault,SegmentFault 思否,豆瓣,豆瓣,segmentfault,SegmentFault 思否,豆瓣,豆瓣,
segmentfault,SegmentFault 思否,豆瓣,豆瓣,segmentfault,SegmentFault 思否,豆瓣,豆瓣,
segmentfault,SegmentFault 思否,豆瓣,豆瓣,segmentfault,SegmentFault 思否,豆瓣,豆瓣,
segmentfault,SegmentFault 思否,豆瓣,豆瓣,segmentfault,SegmentFault 思否,豆瓣,豆瓣,
segmentfault,SegmentFault 思否,豆瓣,豆瓣,segmentfault,SegmentFault 思否,豆瓣,豆瓣,
segmentfault,SegmentFault 思否,豆瓣,豆瓣,segmentfault,SegmentFault 思否,豆瓣,豆瓣,
segmentfault,SegmentFault 思否,豆瓣,豆瓣,segmentfault,SegmentFault 思否,豆瓣,豆瓣,
segmentfault,SegmentFault 思否,豆瓣,豆瓣,segmentfault,SegmentFault 思否,豆瓣,豆瓣,
segmentfault,SegmentFault 思否,豆瓣,豆瓣,segmentfault,SegmentFault 思否,豆瓣,豆瓣,
segmentfault,SegmentFault 思否,豆瓣,豆瓣,segmentfault,SegmentFault 思否,豆瓣,豆瓣,
segmentfault,SegmentFault 思否,豆瓣,豆瓣,segmentfault,SegmentFault 思否,豆瓣,豆瓣,
segmentfault,SegmentFault 思否,豆瓣,豆瓣,segmentfault,SegmentFault 思否,豆瓣,豆瓣,
segmentfault,SegmentFault 思否,豆瓣,豆瓣,segmentfault,SegmentFault 思否,豆瓣,豆瓣,
segmentfault,SegmentFault 思否,豆瓣,豆瓣,segmentfault,SegmentFault 思否,豆瓣,豆瓣,
segmentfault,SegmentFault 思否,豆瓣,豆瓣,segmentfault,SegmentFault 思否,豆瓣,豆瓣,
segmentfault,SegmentFault 思否,豆瓣,豆瓣,segmentfault,SegmentFault 思否,豆瓣,豆瓣,
segmentfault,SegmentFault 思否,豆瓣,豆瓣,segmentfault,SegmentFault 思否,豆瓣,豆瓣,
segmentfault,SegmentFault 思否,豆瓣,豆瓣,segmentfault,SegmentFault 思否,豆瓣,豆瓣,
segmentfault,SegmentFault 思否,豆瓣,豆瓣,segmentfault,SegmentFault 思否,豆瓣,豆瓣,
segmentfault,SegmentFault 思否,豆瓣,豆瓣,segmentfault,SegmentFault 思否,豆瓣,豆瓣,
segmentfault,SegmentFault 思否,豆瓣,豆瓣,segmentfault,SegmentFault 思否,豆瓣,豆瓣,
segmentfault,SegmentFault 思否,豆瓣,豆瓣,segmentfault,SegmentFault 思否,豆瓣,豆瓣,
segmentfault,SegmentFault 思否,豆瓣,豆瓣,segmentfault,SegmentFault 思否,豆瓣,豆瓣,
segmentfault,SegmentFault 思否,豆瓣,豆瓣,segmentfault,SegmentFault 思否,豆瓣,豆瓣,
segmentfault,SegmentFault 思否,豆瓣,豆瓣,segmentfault,SegmentFault 思否,豆瓣,豆瓣,
segmentfault,SegmentFault 思否,豆瓣,豆瓣,segmentfault,SegmentFault 思否,豆瓣,豆瓣,
segmentfault,SegmentFault 思否,豆瓣,豆瓣,segmentfault,SegmentFault 思否,豆瓣,豆瓣,
segmentfault,SegmentFault 思否,豆瓣,豆瓣,segmentfault,SegmentFault 思否,豆瓣,豆瓣,
segmentfault,SegmentFault 思否,豆瓣,豆瓣,segmentfault,SegmentFault 思否,豆瓣,豆瓣,
segmentfault,SegmentFault 思否,豆瓣,豆瓣,segmentfault,SegmentFault 思否,豆瓣,豆瓣,
segmentfault,SegmentFault 思否,豆瓣,豆瓣,segmentfault,SegmentFault 思否,豆瓣,豆瓣,
segmentfault,SegmentFault 思否,豆瓣,豆瓣,segmentfault,SegmentFault 思否,豆瓣,豆瓣,
segmentfault,SegmentFault 思否,豆瓣,豆瓣,segmentfault,SegmentFault 思否,豆瓣,豆瓣,
segmentfault,SegmentFault 思否,豆瓣,豆瓣,segmentfault,SegmentFault 思否,豆瓣,豆瓣,
segmentfault,SegmentFault 思否,豆瓣,豆瓣,segmentfault,SegmentFault 思否,豆瓣,豆瓣,
segmentfault,SegmentFault 思否,豆瓣,豆瓣,segmentfault,SegmentFault 思否,豆瓣,豆瓣,
segmentfault,SegmentFault 思否,豆瓣,豆瓣,segmentfault,SegmentFault 思否,豆瓣,豆瓣,
segmentfault,SegmentFault 思否,豆瓣,豆瓣,segmentfault,SegmentFault 思否,豆瓣,豆瓣,
segmentfault,SegmentFault 思否,豆瓣,豆瓣,segmentfault,SegmentFault 思否,豆瓣,豆瓣,
segmentfault,SegmentFault 思否,豆瓣,豆瓣,segmentfault,SegmentFault 思否,豆瓣,豆瓣,
segmentfault,SegmentFault 思否,豆瓣,豆瓣,segmentfault,SegmentFault 思否,豆瓣,豆瓣,
segmentfault,SegmentFault 思否,豆瓣,豆瓣,segmentfault,SegmentFault 思否,豆瓣,豆瓣,
segmentfault,SegmentFault 思否,豆瓣,豆瓣,segmentfault,SegmentFault 思否,豆瓣,豆瓣,
segmentfault,SegmentFault 思否,豆瓣,豆瓣,segmentfault,SegmentFault 思否,豆瓣,豆瓣,
segmentfault,SegmentFault 思否,豆瓣,豆瓣,segmentfault,SegmentFault 思否,豆瓣,豆瓣,
segmentfault,SegmentFault 思否,豆瓣,豆瓣,segmentfault,SegmentFault 思否,豆瓣,豆瓣,
segmentfault,SegmentFault 思否,豆瓣,豆瓣,segmentfault,SegmentFault 思否,豆瓣,豆瓣,
segmentfault,SegmentFault 思否,豆瓣,豆瓣,segmentfault,SegmentFault 思否,豆瓣,豆瓣,
segmentfault,SegmentFault 思否,豆瓣,豆瓣,segmentfault,SegmentFault 思否,豆瓣,豆瓣,
segmentfault,SegmentFault 思否,豆瓣,豆瓣,segmentfault,SegmentFault 思否,豆瓣,豆瓣,
segmentfault,SegmentFault 思否,豆瓣,豆瓣,segmentfault,SegmentFault 思否,豆瓣,豆瓣,
segmentfault,SegmentFault 思否,豆瓣,豆瓣,segmentfault,SegmentFault 思否,豆瓣,豆瓣,
segmentfault,SegmentFault 思否,豆瓣,豆瓣,segmentfault,SegmentFault 思否,豆瓣,豆瓣,
segmentfault,SegmentFault 思否,豆瓣,豆瓣,segmentfault,SegmentFault 思否,豆瓣,豆瓣,
segmentfault,SegmentFault 思否,豆瓣,豆瓣,segmentfault,SegmentFault 思否,豆瓣,豆瓣,
segmentfault,SegmentFault 思否,豆瓣,豆瓣,segmentfault,SegmentFault 思否,豆瓣,豆瓣,
segmentfault,SegmentFault 思否,豆瓣,豆瓣,segmentfault,SegmentFault 思否,豆瓣,豆瓣,
segmentfault,SegmentFault 思否,豆瓣,豆瓣,segmentfault,SegmentFault 思否,豆瓣,豆瓣,
segmentfault,SegmentFault 思否,豆瓣,豆瓣,segmentfault,SegmentFault 思否,豆瓣,豆瓣,
segmentfault,SegmentFault 思否,豆瓣,豆瓣,segmentfault,SegmentFault 思否,豆瓣,豆瓣,
segmentfault,SegmentFault 思否,豆瓣,豆瓣,segmentfault,SegmentFault 思否,豆瓣,豆瓣,
segmentfault,SegmentFault 思否,豆瓣,豆瓣,segmentfault,SegmentFault 思否,豆瓣,豆瓣,
segmentfault,SegmentFault 思否,豆瓣,豆瓣,segmentfault,SegmentFault 思否,豆瓣,豆瓣,
segmentfault,SegmentFault 思否,豆瓣,豆瓣,segmentfault,SegmentFault 思否,豆瓣,豆瓣,
segmentfault,SegmentFault 思否,豆瓣,豆瓣,segmentfault,SegmentFault 思否,豆瓣,豆瓣,
segmentfault,SegmentFault 思否,豆瓣,豆瓣,segmentfault,SegmentFault 思否,豆瓣,豆瓣,
segmentfault,SegmentFault 思否,豆瓣,豆瓣,segmentfault,SegmentFault 思否,豆瓣,豆瓣,
segmentfault,SegmentFault 思否,豆瓣,豆瓣,segmentfault,SegmentFault 思否,豆瓣,豆瓣,
segmentfault,SegmentFault 思否,豆瓣,豆瓣,segmentfault,SegmentFault 思否,豆瓣,豆瓣,
segmentfault,SegmentFault 思否,豆瓣,豆瓣,segmentfault,SegmentFault 思否,豆瓣,豆瓣,
segmentfault,SegmentFault 思否,豆瓣,豆瓣,segmentfault,SegmentFault 思否,豆瓣,豆瓣,
segmentfault,SegmentFault 思否,豆瓣,豆瓣,segmentfault,SegmentFault 思否,豆瓣,豆瓣,
segmentfault,SegmentFault 思否,豆瓣,豆瓣,segmentfault,SegmentFault 思否,豆瓣,豆瓣,
segmentfault,SegmentFault 思否,豆瓣,豆瓣,segmentfault,SegmentFault 思否,豆瓣,豆瓣,
segmentfault,SegmentFault 思否,豆瓣,豆瓣,segmentfault,SegmentFault 思否,豆瓣,豆瓣,
segmentfault,SegmentFault 思否,豆瓣,豆瓣,segmentfault,SegmentFault 思否,豆瓣,豆瓣,
segmentfault,SegmentFault 思否,豆瓣,豆瓣,segmentfault,SegmentFault 思否,豆瓣,豆瓣,
segmentfault,SegmentFault 思否,豆瓣,豆瓣,segmentfault,SegmentFault 思否,豆瓣,豆瓣,
segmentfault,SegmentFault 思否,豆瓣,豆瓣,segmentfault,SegmentFault 思否,豆瓣,豆瓣,
segmentfault,SegmentFault 思否,豆瓣,豆瓣,segmentfault,SegmentFault 思否,豆瓣,豆瓣,
segmentfault,SegmentFault 思否,豆瓣,豆瓣,segmentfault,SegmentFault 思否,豆瓣,豆瓣,
segmentfault,SegmentFault 思否,豆瓣,豆瓣,segmentfault,SegmentFault 思否,豆瓣,豆瓣,
segmentfault,SegmentFault 思否,豆瓣,豆瓣,segmentfault,SegmentFault 思否,豆瓣,豆瓣,
segmentfault,SegmentFault 思否,豆瓣,豆瓣,segmentfault,SegmentFault 思否,豆瓣,豆瓣,
segmentfault,SegmentFault 思否,豆瓣,豆瓣,segmentfault,SegmentFault 思否,豆瓣,豆瓣,
segmentfault,SegmentFault 思否,豆瓣,豆瓣,segmentfault,SegmentFault 思否,豆瓣,豆瓣,
segmentfault,SegmentFault 思否,豆瓣,豆瓣,segmentfault,SegmentFault 思否,豆瓣,豆瓣,
segmentfault,SegmentFault 思否,豆瓣,豆瓣,segmentfault,SegmentFault 思否,豆瓣,豆瓣,
segmentfault,SegmentFault 思否,豆瓣,豆瓣,segmentfault,SegmentFault 思否,豆瓣,豆瓣,
segmentfault,SegmentFault 思否,豆瓣,豆瓣,segmentfault,SegmentFault 思否,豆瓣,豆瓣,
segmentfault,SegmentFault 思否,豆瓣,豆瓣,segmentfault,SegmentFault 思否,豆瓣,豆瓣,
segmentfault,SegmentFault 思否,豆瓣,豆瓣,segmentfault,SegmentFault 思否,豆瓣,豆瓣,
segmentfault,SegmentFault 思否,豆瓣,豆瓣,segmentfault,SegmentFault 思否,豆瓣,豆瓣,
segmentfault,SegmentFault 思否,豆瓣,豆瓣,segmentfault,SegmentFault 思否,豆瓣,豆瓣,
segmentfault,SegmentFault 思否,豆瓣,豆瓣,segmentfault,SegmentFault 思否,豆瓣,豆瓣,
segmentfault,SegmentFault 思否,豆瓣,豆瓣,segmentfault,SegmentFault 思否,豆瓣,豆瓣,
segmentfault,SegmentFault 思否,豆瓣,豆瓣,segmentfault,SegmentFault 思否,豆瓣,豆瓣,
segmentfault,SegmentFault 思否,豆瓣,豆瓣,segmentfault,SegmentFault 思否,豆瓣,豆瓣,
segmentfault,SegmentFault 思否,豆瓣,豆瓣,segmentfault,SegmentFault 思否,豆瓣,豆瓣,
segmentfault,SegmentFault 思否,豆瓣,豆瓣,segmentfault,SegmentFault 思否,豆瓣,豆瓣,
segmentfault,SegmentFault 思否,豆瓣,豆瓣,segmentfault,SegmentFault 思否,豆瓣,豆瓣,
segmentfault,SegmentFault 思否,豆瓣,豆瓣,segmentfault,SegmentFault 思否,豆瓣,豆瓣,
segmentfault,SegmentFault 思否,豆瓣,豆瓣,segmentfault,SegmentFault 思否,豆瓣,豆瓣,
segmentfault,SegmentFault 思否,豆瓣,豆瓣,segmentfault,SegmentFault 思否,豆瓣,豆瓣,
segmentfault,SegmentFault 思否,豆瓣,豆瓣,segmentfault,SegmentFault 思否,豆瓣,豆瓣,
segmentfault,SegmentFault 思否,豆瓣,豆瓣,segmentfault,SegmentFault 思否,豆瓣,豆瓣,
segmentfault,SegmentFault 思否,豆瓣,豆瓣,segmentfault,SegmentFault 思否,豆瓣,豆瓣,
segmentfault,SegmentFault 思否,豆瓣,豆瓣,segmentfault,SegmentFault 思否,豆瓣,豆瓣,
segmentfault,SegmentFault 思否,豆瓣,豆瓣,segmentfault,SegmentFault 思否,豆瓣,豆瓣,
segmentfault,SegmentFault 思否,豆瓣,豆瓣,segmentfault,SegmentFault 思否,豆瓣,豆瓣,
segmentfault,SegmentFault 思否,豆瓣,豆瓣,segmentfault,SegmentFault 思否,豆瓣,豆瓣,
segmentfault,SegmentFault 思否,豆瓣,豆瓣,segmentfault,SegmentFault 思否,豆瓣,豆瓣,
segmentfault,SegmentFault 思否,豆瓣,豆瓣,segmentfault,SegmentFault 思否,豆瓣,豆瓣,
segmentfault,SegmentFault 思否,豆瓣,豆瓣,segmentfault,SegmentFault 思否,豆瓣,豆瓣,
segmentfault,SegmentFault 思否,豆瓣,豆瓣,segmentfault,SegmentFault 思否,豆瓣,豆瓣,
segmentfault,SegmentFault 思否,豆瓣,豆瓣,segmentfault,SegmentFault 思否,豆瓣,豆瓣,
segmentfault,SegmentFault 思否,豆瓣,豆瓣,segmentfault,SegmentFault 思否,豆瓣,豆瓣,
segmentfault,SegmentFault 思否,豆瓣,豆瓣,segmentfault,SegmentFault 思否,豆瓣,豆瓣,
segmentfault,SegmentFault 思否,豆瓣,豆瓣,segmentfault,SegmentFault 思否,豆瓣,豆瓣,
segmentfault,SegmentFault 思否,豆瓣,豆瓣,segmentfault,SegmentFault 思否,豆瓣,豆瓣,
segmentfault,SegmentFault 思否,豆瓣,豆瓣,segmentfault,SegmentFault 思否,豆瓣,豆瓣,
segmentfault,SegmentFault 思否,豆瓣,豆瓣,segmentfault,SegmentFault 思否,豆瓣,豆瓣,
segmentfault,SegmentFault 思否,豆瓣,豆瓣,segmentfault,SegmentFault 思否,豆瓣,豆瓣,
segmentfault,SegmentFault 思否,豆瓣,豆瓣,segmentfault,SegmentFault 思否,豆瓣,豆瓣,
segmentfault,SegmentFault 思否,豆瓣,豆瓣,segmentfault,SegmentFault 思否,豆瓣,豆瓣,
segmentfault,SegmentFault 思否,豆瓣,豆瓣,segmentfault,SegmentFault 思否,豆瓣,豆瓣,
segmentfault,SegmentFault 思否,豆瓣,豆瓣,segmentfault,SegmentFault 思否,豆瓣,豆瓣,
segmentfault,SegmentFault 思否,豆瓣,豆瓣,segmentfault,SegmentFault 思否,豆瓣,豆瓣,
segmentfault,SegmentFault 思否,豆瓣,豆瓣,segmentfault,SegmentFault 思否,豆瓣,豆瓣,
segmentfault,SegmentFault 思否,豆瓣,豆瓣,segmentfault,SegmentFault 思否,豆瓣,豆瓣,
segmentfault,SegmentFault 思否,豆瓣,豆瓣,segmentfault,SegmentFault 思否,豆瓣,豆瓣,
segmentfault,SegmentFault 思否,豆瓣,豆瓣,segmentfault,SegmentFault 思否,豆瓣,豆瓣,
segmentfault,SegmentFault 思否,豆瓣,豆瓣,segmentfault,SegmentFault 思否,豆瓣,豆瓣,
segmentfault,SegmentFault 思否,豆瓣,豆瓣,segmentfault,SegmentFault 思否,豆瓣,豆瓣,
segmentfault,SegmentFault 思否,豆瓣,豆瓣,segmentfault,SegmentFault 思否,豆瓣,豆瓣,
segmentfault,SegmentFault 思否,豆瓣,豆瓣,segmentfault,SegmentFault 思否,豆瓣,豆瓣,
segmentfault,SegmentFault 思否,豆瓣,豆瓣,segmentfault,SegmentFault 思否,豆瓣,豆瓣,
segmentfault,SegmentFault 思否,豆瓣,豆瓣,segmentfault,SegmentFault 思否,豆瓣,豆瓣,
segmentfault,SegmentFault 思否,豆瓣,豆瓣,segmentfault,SegmentFault 思否,豆瓣,豆瓣,
segmentfault,SegmentFault 思否,豆瓣,豆瓣,segmentfault,SegmentFault 思否,豆瓣,豆瓣,
segmentfault,SegmentFault 思否,豆瓣,豆瓣,segmentfault,SegmentFault 思否,豆瓣,豆瓣,
segmentfault,SegmentFault 思否,豆瓣,豆瓣,segmentfault,SegmentFault 思否,豆瓣,豆瓣,
segmentfault,SegmentFault 思否,豆瓣,豆瓣,segmentfault,SegmentFault 思否,豆瓣,豆瓣,
segmentfault,SegmentFault 思否,豆瓣,豆瓣,segmentfault,SegmentFault 思否,豆瓣,豆瓣,
segmentfault,SegmentFault 思否,豆瓣,豆瓣,segmentfault,SegmentFault 思否,豆瓣,豆瓣,
segmentfault,SegmentFault 思否,豆瓣,豆瓣,segmentfault,SegmentFault 思否,豆瓣,豆瓣,
segmentfault,SegmentFault 思否,豆瓣,豆瓣,segmentfault,SegmentFault 思否,豆瓣,豆瓣,
segmentfault,SegmentFault 思否,豆瓣,豆瓣,segmentfault,SegmentFault 思否,豆瓣,豆瓣,
segmentfault,SegmentFault 思否,豆瓣,豆瓣,segmentfault,SegmentFault 思否,豆瓣,豆瓣,
segmentfault,SegmentFault 思否,豆瓣,豆瓣,segmentfault,SegmentFault 思否,豆瓣,豆瓣,
segmentfault,SegmentFault 思否,豆瓣,豆瓣,segmentfault,SegmentFault 思否,豆瓣,豆瓣,
segmentfault,SegmentFault 思否,豆瓣,豆瓣,segmentfault,SegmentFault 思否,豆瓣,豆瓣,
segmentfault,SegmentFault 思否,豆瓣,豆瓣,segmentfault,SegmentFault 思否,豆瓣,豆瓣,
segmentfault,SegmentFault 思否,豆瓣,豆瓣,segmentfault,SegmentFault 思否,豆瓣,豆瓣,
segmentfault,SegmentFault 思否,豆瓣,豆瓣,segmentfault,SegmentFault 思否,豆瓣,豆瓣,
segmentfault,SegmentFault 思否,豆瓣,豆瓣,segmentfault,SegmentFault 思否,豆瓣,豆瓣,
segmentfault,SegmentFault 思否,豆瓣,豆瓣,segmentfault,SegmentFault 思否,豆瓣,豆瓣,
segmentfault,SegmentFault 思否,豆瓣,豆瓣,segmentfault,SegmentFault 思否,豆瓣,豆瓣,
segmentfault,SegmentFault 思否,豆瓣,豆瓣,segmentfault,SegmentFault 思否,豆瓣,豆瓣,
segmentfault,SegmentFault 思否,豆瓣,豆瓣,segmentfault,SegmentFault 思否,豆瓣,豆瓣,
segmentfault,SegmentFault 思否,豆瓣,豆瓣,segmentfault,SegmentFault 思否,豆瓣,豆瓣,
segmentfault,SegmentFault 思否,豆瓣,豆瓣,segmentfault,SegmentFault 思否,豆瓣,豆瓣,
segmentfault,SegmentFault 思否,豆瓣,豆瓣,segmentfault,SegmentFault 思否,豆瓣,豆瓣,
segmentfault,SegmentFault 思否,豆瓣,豆瓣,segmentfault,SegmentFault 思否,豆瓣,豆瓣,
segmentfault,SegmentFault 思否,豆瓣,豆瓣,segmentfault,SegmentFault 思否,豆瓣,豆瓣,
segmentfault,SegmentFault 思否,豆瓣,豆瓣,segmentfault,SegmentFault 思否,豆瓣,豆瓣,
segmentfault,SegmentFault 思否,豆瓣,豆瓣,segmentfault,SegmentFault 思否,豆瓣,豆瓣,
segmentfault,SegmentFault 思否,豆瓣,豆瓣,segmentfault,SegmentFault 思否,豆瓣,豆瓣,
segmentfault,SegmentFault 思否,豆瓣,豆瓣,segmentfault,SegmentFault 思否,豆瓣,豆瓣,
segmentfault,SegmentFault 思否,豆瓣,豆瓣,segmentfault,SegmentFault 思否,豆瓣,豆瓣,
segmentfault,SegmentFault 思否,豆瓣,豆瓣,segmentfault,SegmentFault 思否,豆瓣,豆瓣,
segmentfault,SegmentFault 思否,豆瓣,豆瓣,segmentfault,SegmentFault 思否,豆瓣,豆瓣,
segmentfault,SegmentFault 思否,豆瓣,豆瓣,segmentfault,SegmentFault 思否,豆瓣,豆瓣,
segmentfault,SegmentFault 思否,豆瓣,豆瓣,segmentfault,SegmentFault 思否,豆瓣,豆瓣,
segmentfault,SegmentFault 思否,豆瓣,豆瓣,segmentfault,SegmentFault 思否,豆瓣,豆瓣,
segmentfault,SegmentFault 思否,豆瓣,豆瓣,segmentfault,SegmentFault 思否,豆瓣,豆瓣,
segmentfault,SegmentFault 思否,豆瓣,豆瓣,segmentfault,SegmentFault 思否,豆瓣,豆瓣,
segmentfault,SegmentFault 思否,豆瓣,豆瓣,segmentfault,SegmentFault 思否,豆瓣,豆瓣,
segmentfault,SegmentFault 思否,豆瓣,豆瓣,segmentfault,SegmentFault 思否,豆瓣,豆瓣,
segmentfault,SegmentFault 思否,豆瓣,豆瓣,segmentfault,SegmentFault 思否,豆瓣,豆瓣,
segmentfault,SegmentFault 思否,豆瓣,豆瓣,segmentfault,SegmentFault 思否,豆瓣,豆瓣,
segmentfault,SegmentFault 思否,豆瓣,豆瓣,segmentfault,SegmentFault 思否,豆瓣,豆瓣,
segmentfault,SegmentFault 思否,豆瓣,豆瓣,segmentfault,SegmentFault 思否,豆瓣,豆瓣,
segmentfault,SegmentFault 思否,豆瓣,豆瓣,segmentfault,SegmentFault 思否,豆瓣,豆瓣,
segmentfault,SegmentFault 思否,豆瓣,豆瓣,segmentfault,SegmentFault 思否,豆瓣,豆瓣,
segmentfault,SegmentFault 思否,豆瓣,豆瓣,segmentfault,SegmentFault 思否,豆瓣,豆瓣,
segmentfault,SegmentFault 思否,豆瓣,豆瓣,segmentfault,SegmentFault 思否,豆瓣,豆瓣,
segmentfault,SegmentFault 思否,豆瓣,豆瓣,segmentfault,SegmentFault 思否,豆瓣,豆瓣,
segmentfault,SegmentFault 思否,豆瓣,豆瓣,segmentfault,SegmentFault 思否,豆瓣,豆瓣,
segmentfault,SegmentFault 思否,豆瓣,豆瓣,segmentfault,SegmentFault 思否,豆瓣,豆瓣,
segmentfault,SegmentFault 思否,豆瓣,豆瓣,segmentfault,SegmentFault 思否,豆瓣,豆瓣,
segmentfault,SegmentFault 思否,豆瓣,豆瓣,segmentfault,SegmentFault 思否,豆瓣,豆瓣,
segmentfault,SegmentFault 思否,豆瓣,豆瓣,segmentfault,SegmentFault 思否,豆瓣,豆瓣,
segmentfault,SegmentFault 思否,豆瓣,豆瓣,segmentfault,SegmentFault 思否,豆瓣,豆瓣,
segmentfault,SegmentFault 思否,豆瓣,豆瓣,segmentfault,SegmentFault 思否,豆瓣,豆瓣,
segmentfault,SegmentFault 思否,豆瓣,豆瓣,segmentfault,SegmentFault 思否,豆瓣,豆瓣,
segmentfault,SegmentFault 思否,豆瓣,豆瓣,segmentfault,SegmentFault 思否,豆瓣,豆瓣,
segmentfault,SegmentFault 思否,豆瓣,豆瓣,segmentfault,SegmentFault 思否,豆瓣,豆瓣,
segmentfault,SegmentFault 思否,豆瓣,豆瓣,segmentfault,SegmentFault 思否,豆瓣,豆瓣,
segmentfault,SegmentFault 思否,豆瓣,豆瓣,segmentfault,SegmentFault 思否,豆瓣,豆瓣,
segmentfault,SegmentFault 思否,豆瓣,豆瓣,segmentfault,SegmentFault 思否,豆瓣,豆瓣,
segmentfault,SegmentFault 思否,豆瓣,豆瓣,segmentfault,SegmentFault 思否,豆瓣,豆瓣,
segmentfault,SegmentFault 思否,豆瓣,豆瓣,segmentfault,SegmentFault 思否,豆瓣,豆瓣,
segmentfault,SegmentFault 思否,豆瓣,豆瓣,segmentfault,SegmentFault 思否,豆瓣,豆瓣,
segmentfault,SegmentFault 思否,豆瓣,豆瓣,segmentfault,SegmentFault 思否,豆瓣,豆瓣,
segmentfault,SegmentFault 思否,豆瓣,豆瓣,segmentfault,SegmentFault 思否,豆瓣,豆瓣,
segmentfault,SegmentFault 思否,豆瓣,豆瓣,segmentfault,SegmentFault 思否,豆瓣,豆瓣,
segmentfault,SegmentFault 思否,豆瓣,豆瓣,segmentfault,SegmentFault 思否,豆瓣,豆瓣,
segmentfault,SegmentFault 思否,豆瓣,豆瓣,segmentfault,SegmentFault 思否,豆瓣,豆瓣,
segmentfault,SegmentFault 思否,豆瓣,豆瓣,segmentfault,SegmentFault 思否,豆瓣,豆瓣,
segmentfault,SegmentFault 思否,豆瓣,豆瓣,segmentfault,SegmentFault 思否,豆瓣,豆瓣,
segmentfault,SegmentFault 思否,豆瓣,豆瓣,segmentfault,SegmentFault 思否,豆瓣,豆瓣,
segmentfault,SegmentFault 思否,豆瓣,豆瓣,segmentfault,SegmentFault 思否,豆瓣,豆瓣,
segmentfault,SegmentFault 思否,豆瓣,豆瓣,segmentfault,SegmentFault 思否,豆瓣,豆瓣,
segmentfault,SegmentFault 思否,豆瓣,豆瓣,segmentfault,SegmentFault 思否,豆瓣,豆瓣,
segmentfault,SegmentFault 思否,豆瓣,豆瓣,segmentfault,SegmentFault 思否,豆瓣,豆瓣,
segmentfault,SegmentFault 思否,豆瓣,豆瓣,segmentfault,SegmentFault 思否,豆瓣,豆瓣,
segmentfault,SegmentFault 思否,豆瓣,豆瓣,segmentfault,SegmentFault 思否,豆瓣,豆瓣,
segmentfault,SegmentFault 思否,豆瓣,豆瓣,segmentfault,SegmentFault 思否,豆瓣,豆瓣,
segmentfault,SegmentFault 思否,豆瓣,豆瓣,segmentfault,SegmentFault 思否,豆瓣,豆瓣,
segmentfault,SegmentFault 思否,豆瓣,豆瓣,segmentfault,SegmentFault 思否,豆瓣,豆瓣,
segmentfault,SegmentFault 思否,豆瓣,豆瓣,segmentfault,SegmentFault 思否,豆瓣,豆瓣,
segmentfault,SegmentFault 思否,豆瓣,豆瓣,segmentfault,SegmentFault 思否,豆瓣,豆瓣,
segmentfault,SegmentFault 思否,豆瓣,豆瓣,segmentfault,SegmentFault 思否,豆瓣,豆瓣,
segmentfault,SegmentFault 思否,豆瓣,豆瓣,segmentfault,SegmentFault 思否,豆瓣,豆瓣,
segmentfault,SegmentFault 思否,豆瓣,豆瓣,segmentfault,SegmentFault 思否,豆瓣,豆瓣,
segmentfault,SegmentFault 思否,豆瓣,豆瓣,segmentfault,SegmentFault 思否,豆瓣,豆瓣,
segmentfault,SegmentFault 思否,豆瓣,豆瓣,segmentfault,SegmentFault 思否,豆瓣,豆瓣,
segmentfault,SegmentFault 思否,豆瓣,豆瓣,segmentfault,SegmentFault 思否,豆瓣,豆瓣,
segmentfault,SegmentFault 思否,豆瓣,豆瓣,segmentfault,SegmentFault 思否,豆瓣,豆瓣,
segmentfault,SegmentFault 思否,豆瓣,豆瓣,segmentfault,SegmentFault 思否,豆瓣,豆瓣,
segmentfault,SegmentFault 思否,豆瓣,豆瓣,segmentfault,SegmentFault 思否,豆瓣,豆瓣,
segmentfault,SegmentFault 思否,豆瓣,豆瓣,segmentfault,SegmentFault 思否,豆瓣,豆瓣,
segmentfault,SegmentFault 思否,豆瓣,豆瓣,segmentfault,SegmentFault 思否,豆瓣,豆瓣,
segmentfault,SegmentFault 思否,豆瓣,豆瓣,segmentfault,SegmentFault 思否,豆瓣,豆瓣,
segmentfault,SegmentFault 思否,豆瓣,豆瓣,segmentfault,SegmentFault 思否,豆瓣,豆瓣,
segmentfault,SegmentFault 思否,豆瓣,豆瓣,segmentfault,SegmentFault 思否,豆瓣,豆瓣,
segmentfault,SegmentFault 思否,豆瓣,豆瓣,segmentfault,SegmentFault 思否,豆瓣,豆瓣,
segmentfault,SegmentFault 思否,豆瓣,豆瓣,segmentfault,SegmentFault 思否,豆瓣,豆瓣,
segmentfault,SegmentFault 思否,豆瓣,豆瓣,segmentfault,SegmentFault 思否,豆瓣,豆瓣,
segmentfault,SegmentFault 思否,豆瓣,豆瓣,segmentfault,SegmentFault 思否,豆瓣,豆瓣,
segmentfault,SegmentFault 思否,豆瓣,豆瓣,segmentfault,SegmentFault 思否,豆瓣,豆瓣,
segmentfault,SegmentFault 思否,豆瓣,豆瓣,segmentfault,SegmentFault 思否,豆瓣,豆瓣,
segmentfault,SegmentFault 思否,豆瓣,豆瓣,segmentfault,SegmentFault 思否,豆瓣,豆瓣,
segmentfault,SegmentFault 思否,豆瓣,豆瓣,segmentfault,SegmentFault 思否,豆瓣,豆瓣,
segmentfault,SegmentFault 思否,豆瓣,豆瓣,segmentfault,SegmentFault 思否,豆瓣,豆瓣,
segmentfault,SegmentFault 思否,豆瓣,豆瓣,segmentfault,SegmentFault 思否,豆瓣,豆瓣,
segmentfault,SegmentFault 思否,豆瓣,豆瓣,segmentfault,SegmentFault 思否,豆瓣,豆瓣,
segmentfault,SegmentFault 思否,豆瓣,豆瓣,segmentfault,SegmentFault 思否,豆瓣,豆瓣,
segmentfault,SegmentFault 思否,豆瓣,豆瓣,segmentfault,SegmentFault 思否,豆瓣,豆瓣,
segmentfault,SegmentFault 思否,豆瓣,豆瓣,segmentfault,SegmentFault 思否,豆瓣,豆瓣,
segmentfault,SegmentFault 思否,豆瓣,豆瓣,segmentfault,SegmentFault 思否,豆瓣,豆瓣,
segmentfault,SegmentFault 思否,豆瓣,豆瓣,segmentfault,SegmentFault 思否,豆瓣,豆瓣,
segmentfault,SegmentFault 思否,豆瓣,豆瓣,segmentfault,SegmentFault 思否,豆瓣,豆瓣,
segmentfault,SegmentFault 思否,豆瓣,豆瓣,segmentfault,SegmentFault 思否,豆瓣,豆瓣,
segmentfault,SegmentFault 思否,豆瓣,豆瓣,segmentfault,SegmentFault 思否,豆瓣,豆瓣,
segmentfault,SegmentFault 思否,豆瓣,豆瓣,segmentfault,SegmentFault 思否,豆瓣,豆瓣,
segmentfault,SegmentFault 思否,豆瓣,豆瓣,segmentfault,SegmentFault 思否,豆瓣,豆瓣,
segmentfault,SegmentFault 思否,豆瓣,豆瓣,segmentfault,SegmentFault 思否,豆瓣,豆瓣,
segmentfault,SegmentFault 思否,豆瓣,豆瓣,segmentfault,SegmentFault 思否,豆瓣,豆瓣,
segmentfault,SegmentFault 思否,豆瓣,豆瓣,segmentfault,SegmentFault 思否,豆瓣,豆瓣,
segmentfault,SegmentFault 思否,豆瓣,豆瓣,segmentfault,SegmentFault 思否,豆瓣,豆瓣,
segmentfault,SegmentFault 思否,豆瓣,豆瓣,segmentfault,SegmentFault 思否,豆瓣,豆瓣,
segmentfault,SegmentFault 思否,豆瓣,豆瓣,segmentfault,SegmentFault 思否,豆瓣,豆瓣,
segmentfault,SegmentFault 思否,豆瓣,豆瓣,segmentfault,SegmentFault 思否,豆瓣,豆瓣,
segmentfault,SegmentFault 思否,豆瓣,豆瓣,segmentfault,SegmentFault 思否,豆瓣,豆瓣,
segmentfault,SegmentFault 思否,豆瓣,豆瓣,segmentfault,SegmentFault 思否,豆瓣,豆瓣,
segmentfault,SegmentFault 思否,豆瓣,豆瓣,segmentfault,SegmentFault 思否,豆瓣,豆瓣,
segmentfault,SegmentFault 思否,豆瓣,豆瓣,segmentfault,SegmentFault 思否,豆瓣,豆瓣,
segmentfault,SegmentFault 思否,豆瓣,豆瓣,segmentfault,SegmentFault 思否,豆瓣,豆瓣,
segmentfault,SegmentFault 思否,豆瓣,豆瓣,segmentfault,SegmentFault 思否,豆瓣,豆瓣,
segmentfault,SegmentFault 思否,豆瓣,豆瓣,segmentfault,SegmentFault 思否,豆瓣,豆瓣,
segmentfault,SegmentFault 思否,豆瓣,豆瓣,segmentfault,SegmentFault 思否,豆瓣,豆瓣,
segmentfault,SegmentFault 思否,豆瓣,豆瓣,segmentfault,SegmentFault 思否,豆瓣,豆瓣,
segmentfault,SegmentFault 思否,豆瓣,豆瓣,segmentfault,SegmentFault 思否,豆瓣,豆瓣,
segmentfault,SegmentFault 思否,豆瓣,豆瓣,segmentfault,SegmentFault 思否,豆瓣,豆瓣,
segmentfault,SegmentFault 思否,豆瓣,豆瓣,segmentfault,SegmentFault 思否,豆瓣,豆瓣,
segmentfault,SegmentFault 思否,豆瓣,豆瓣,segmentfault,SegmentFault 思否,豆瓣,豆瓣,
segmentfault,SegmentFault 思否,豆瓣,豆瓣,segmentfault,SegmentFault 思否,豆瓣,豆瓣,
segmentfault,SegmentFault 思否,豆瓣,豆瓣,segmentfault,SegmentFault 思否,豆瓣,豆瓣,
segmentfault,SegmentFault 思否,豆瓣,豆瓣,segmentfault,SegmentFault 思否,豆瓣,豆瓣,
segmentfault,SegmentFault 思否,豆瓣,豆瓣,segmentfault,SegmentFault 思否,豆瓣,豆瓣,
segmentfault,SegmentFault 思否,豆瓣,豆瓣,segmentfault,SegmentFault 思否,豆瓣,豆瓣,
segmentfault,SegmentFault 思否,豆瓣,豆瓣,segmentfault,SegmentFault 思否,豆瓣,豆瓣,
segmentfault,SegmentFault 思否,豆瓣,豆瓣,segmentfault,SegmentFault 思否,豆瓣,豆瓣,
segmentfault,SegmentFault 思否,豆瓣,豆瓣,segmentfault,SegmentFault 思否,豆瓣,豆瓣,
segmentfault,SegmentFault 思否,豆瓣,豆瓣,segmentfault,SegmentFault 思否,豆瓣,豆瓣,
segmentfault,SegmentFault 思否,豆瓣,豆瓣,segmentfault,SegmentFault 思否,豆瓣,豆瓣,
